Method,Result,Time(sec),RAM Usage (MB)
Pandas Chunking,30973.66078358249,0.12224459648132324,3.859375
Dask,30973.66078358249,0.4218134880065918,2.125
Compression,30973.66078358249,0.17912530899047852,0.00390625
